[
  {
    "Namespace": "aws:elasticbeanstalk:environment",
    "OptionName": "EnvironmentType",
    "Value": "SingleInstance"
  },
  {
    "Namespace": "aws:autoscaling:launchconfiguration",
    "OptionName": "InstanceType",
    "Value": "t2.micro"
  },
  {
    "Namespace": "aws:elasticbeanstalk:environment",
    "OptionName": "ServiceRole",
    "Value": "aws-elasticbeanstalk-service-role"
  },
  {
    "Namespace": "aws:autoscaling:launchconfiguration",
    "OptionName": "IamInstanceProfile",
    "Value": "aws-elasticbeanstalk-ec2-role"
  },
  {
    "Namespace": "aws:elasticbeanstalk:application:environment",
    "OptionName": "SPRING_PROFILES_ACTIVE",
    "Value": "prod"
  },
  {
    "Namespace": "aws:elasticbeanstalk:command",
    "OptionName": "Timeout",
    "Value": "900"
  },
  {
    "Namespace": "aws:elasticbeanstalk:environment:proxy:staticfiles",
    "OptionName": "/static",
    "Value": "static"
  }
] 